{
  "name": "completion-rate-report",
  "title": "Completion Rate Report",
  "entity_type": [
    "work_item"
  ],
  "views": [
    "list",
    "details"
  ],
  "icon": "document-configuration",
  "url": "{bundle_url}/completion_rate_report/completion_rate_report.html?shared_space={shared_space}&workspace={workspace}&user_login={user_login}&email={user_email}&octane_url={octane_url}&xsrf_token={xsrf_token}&user_identity_token={user_identity_token}&entity_ids={entity_ids}&entity_type={entity_type}&query={query}&dialog_id={dialog_id}&action=completion-rate-report",
  "dialog": "large"
}